"version","filename","bytes","local_bytes","state","url","size_match"
"1.65","vidmate-1-65.apk","3510297","3510297","uploaded","https://github.com/ZeeshanWazirKhan/vidmate-old-version-apks/releases/download/archive-v1/vidmate-1-65.apk","True"
"2.11","vidmate-2-11.apk","3433234","3433234","uploaded","https://github.com/ZeeshanWazirKhan/vidmate-old-version-apks/releases/download/archive-v1/vidmate-2-11.apk","True"
"2.15","vidmate-2-15.apk","3604864","3604864","uploaded","https://github.com/ZeeshanWazirKhan/vidmate-old-version-apks/releases/download/archive-v1/vidmate-2-15.apk","True"
"2.19","vidmate-2-19.apk","3936464","3936464","uploaded","https://github.com/ZeeshanWazirKhan/vidmate-old-version-apks/releases/download/archive-v1/vidmate-2-19.apk","True"
"2.22","vidmate-2-22.apk","3967860","3967860","uploaded","https://github.com/ZeeshanWazirKhan/vidmate-old-version-apks/releases/download/archive-v1/vidmate-2-22.apk","True"
"2.47","vidmate-2-47.apk","5271978","5271978","uploaded","https://github.com/ZeeshanWazirKhan/vidmate-old-version-apks/releases/download/archive-v1/vidmate-2-47.apk","True"
"2.58","vidmate-2-58.apk","5456436","5456436","uploaded","https://github.com/ZeeshanWazirKhan/vidmate-old-version-apks/releases/download/archive-v1/vidmate-2-58.apk","True"
"3.01","vidmate-3-01.apk","5067113","5067113","uploaded","https://github.com/ZeeshanWazirKhan/vidmate-old-version-apks/releases/download/archive-v1/vidmate-3-01.apk","True"
"3.11","vidmate-3-11.apk","5770604","5770604","uploaded","https://github.com/ZeeshanWazirKhan/vidmate-old-version-apks/releases/download/archive-v1/vidmate-3-11.apk","True"
"3.15","vidmate-3-15.apk","6201043","6201043","uploaded","https://github.com/ZeeshanWazirKhan/vidmate-old-version-apks/releases/download/archive-v1/vidmate-3-15.apk","True"
"3.16","vidmate-3-16.apk","6220463","6220463","uploaded","https://github.com/ZeeshanWazirKhan/vidmate-old-version-apks/releases/download/archive-v1/vidmate-3-16.apk","True"
"3.17","vidmate-3-17.apk","6256227","6256227","uploaded","https://github.com/ZeeshanWazirKhan/vidmate-old-version-apks/releases/download/archive-v1/vidmate-3-17.apk","True"
"3.18","vidmate-3-18.apk","6283555","6283555","uploaded","https://github.com/ZeeshanWazirKhan/vidmate-old-version-apks/releases/download/archive-v1/vidmate-3-18.apk","True"
"3.21","vidmate-3-21.apk","6241413","6241413","uploaded","https://github.com/ZeeshanWazirKhan/vidmate-old-version-apks/releases/download/archive-v1/vidmate-3-21.apk","True"
"3.22","vidmate-3-22.apk","6429754","6429754","uploaded","https://github.com/ZeeshanWazirKhan/vidmate-old-version-apks/releases/download/archive-v1/vidmate-3-22.apk","True"
"3.23","vidmate-3-23.apk","6439279","6439279","uploaded","https://github.com/ZeeshanWazirKhan/vidmate-old-version-apks/releases/download/archive-v1/vidmate-3-23.apk","True"
"3.24","vidmate-3-24.apk","6331401","6331401","uploaded","https://github.com/ZeeshanWazirKhan/vidmate-old-version-apks/releases/download/archive-v1/vidmate-3-24.apk","True"
"3.41","vidmate-3-41.apk","8706975","8706975","uploaded","https://github.com/ZeeshanWazirKhan/vidmate-old-version-apks/releases/download/archive-v1/vidmate-3-41.apk","True"
"3.46","vidmate-3-46.apk","8008842","8008842","uploaded","https://github.com/ZeeshanWazirKhan/vidmate-old-version-apks/releases/download/archive-v1/vidmate-3-46.apk","True"
"3.5701","vidmate-3-5701.apk","9538806","9538806","uploaded","https://github.com/ZeeshanWazirKhan/vidmate-old-version-apks/releases/download/archive-v1/vidmate-3-5701.apk","True"
"4.0401","vidmate-4-0401.apk","13278959","13278959","uploaded","https://github.com/ZeeshanWazirKhan/vidmate-old-version-apks/releases/download/archive-v1/vidmate-4-0401.apk","True"
"4.0811","vidmate-4-0811.apk","14287383","14287383","uploaded","https://github.com/ZeeshanWazirKhan/vidmate-old-version-apks/releases/download/archive-v1/vidmate-4-0811.apk","True"
"4.1604","vidmate-4-1604.apk","13656530","13656530","uploaded","https://github.com/ZeeshanWazirKhan/vidmate-old-version-apks/releases/download/archive-v1/vidmate-4-1604.apk","True"
"4.1803","vidmate-4-1803.apk","13311019","13311019","uploaded","https://github.com/ZeeshanWazirKhan/vidmate-old-version-apks/releases/download/archive-v1/vidmate-4-1803.apk","True"
